{
  "summary": {
    "n_nodes": 273,
    "n_edges": 38265,
    "node_types": {
      "building": 1,
      "object": 3,
      "ifc_fixture": 250,
      "room": 2,
      "storey": 9,
      "camera": 8
    },
    "edge_relations": {
      "contains": 381,
      "nearest": 6,
      "same_storey": 31878,
      "fills_opening_in": 5,
      "same_room": 5995
    }
  },
  "objects": [
    {
      "obj_id": 2,
      "label": "door",
      "n_observations": 326,
      "n_points": 50000,
      "centroid": [
        8.776962280273438,
        8.563957214355469,
        -4.482715606689453
      ],
      "bbox_min": [
        2.8637311458587646,
        -3.2124862670898438,
        -9.711496353149414
      ],
      "bbox_max": [
        15.227091789245605,
        16.00067901611328,
        -0.0032704260665923357
      ],
      "label_distribution": {
        "door": 326
      },
      "avg_score": 0.26427459570527806
    },
    {
      "obj_id": 3,
      "label": "window",
      "n_observations": 134,
      "n_points": 50000,
      "centroid": [
        10.659114837646484,
        12.321073532104492,
        -4.711025714874268
      ],
      "bbox_min": [
        2.8685061931610107,
        3.559870481491089,
        -9.983138084411621
      ],
      "bbox_max": [
        15.231882095336914,
        18.54424285888672,
        -0.0315953828394413
      ],
      "label_distribution": {
        "window": 134
      },
      "avg_score": 0.2604130804538727
    },
    {
      "obj_id": 4,
      "label": "staircase stairs",
      "n_observations": 220,
      "n_points": 50000,
      "centroid": [
        9.398092269897461,
        10.578073501586914,
        -0.8736598491668701
      ],
      "bbox_min": [
        2.8851613998413086,
        -2.0665996074676514,
        -9.443069458007812
      ],
      "bbox_max": [
        15.210455894470215,
        17.99502182006836,
        -0.0002895592770073563
      ],
      "label_distribution": {
        "staircase stairs": 220
      },
      "avg_score": 0.27694427967071533
    }
  ]
}