{
  "width": 1024,
  "height": 768,
  "intrinsics": [
    [
      667.2513908946974,
      0.0,
      512.0
    ],
    [
      0.0,
      667.2513908946974,
      384.0
    ],
    [
      0.0,
      0.0,
      1.0
    ]
  ],
  "distortion": [
    0.0,
    0.0,
    0.0,
    0.0,
    0.0
  ],
  "near_m": 0.05,
  "far_m": 100.0,
  "fps": 10.0
}