{
  "summary": {
    "n_nodes": 150,
    "n_edges": 411,
    "node_types": {
      "building": 1,
      "object": 12,
      "ifc_fixture": 125,
      "room": 5,
      "storey": 2,
      "camera": 5
    },
    "edge_relations": {
      "contains": 168,
      "nearest": 36,
      "near": 17,
      "next_to": 14,
      "aligned_with": 26,
      "same_storey": 136,
      "fills_opening_in": 8,
      "connects": 6
    }
  },
  "objects": [
    {
      "obj_id": 4,
      "label": "chair",
      "n_observations": 197,
      "n_points": 50000,
      "centroid": [
        11.090164184570312,
        1.7607944011688232,
        -0.6260091662406921
      ],
      "bbox_min": [
        2.9124481678009033,
        -1.0527963638305664,
        -1.837352991104126
      ],
      "bbox_max": [
        14.470182418823242,
        4.211879730224609,
        -0.001640927861444652
      ],
      "label_distribution": {
        "chair": 145,
        "chair sofa": 52
      },
      "avg_score": 0.3792545895286018
    },
    {
      "obj_id": 5,
      "label": "chair",
      "n_observations": 62,
      "n_points": 50000,
      "centroid": [
        3.8463528156280518,
        1.8740378618240356,
        -0.1660432666540146
      ],
      "bbox_min": [
        -1.7745294570922852,
        -1.8469761610031128,
        -0.9819781184196472
      ],
      "bbox_max": [
        8.97632884979248,
        4.202784061431885,
        -0.0009996902663260698
      ],
      "label_distribution": {
        "chair": 62
      },
      "avg_score": 0.3562155000625118
    },
    {
      "obj_id": 6,
      "label": "table",
      "n_observations": 61,
      "n_points": 50000,
      "centroid": [
        6.5675835609436035,
        1.937150478363037,
        -0.5547894835472107
      ],
      "bbox_min": [
        1.1465487480163574,
        -1.0165685415267944,
        -1.8241119384765625
      ],
      "bbox_max": [
        14.472341537475586,
        4.2201409339904785,
        -0.0015634153969585896
      ],
      "label_distribution": {
        "table": 61
      },
      "avg_score": 0.3834891226447997
    },
    {
      "obj_id": 8,
      "label": "chair",
      "n_observations": 13,
      "n_points": 50000,
      "centroid": [
        12.285882949829102,
        -0.05193651467561722,
        -0.8223851323127747
      ],
      "bbox_min": [
        10.706663131713867,
        -0.43974828720092773,
        -1.8361228704452515
      ],
      "bbox_max": [
        14.307547569274902,
        0.22656022012233734,
        -0.0036850739270448685
      ],
      "label_distribution": {
        "chair": 13
      },
      "avg_score": 0.32755619287490845
    },
    {
      "obj_id": 9,
      "label": "chair",
      "n_observations": 12,
      "n_points": 50000,
      "centroid": [
        4.783505439758301,
        1.9973419904708862,
        -0.6497687101364136
      ],
      "bbox_min": [
        4.245373249053955,
        1.5893634557724,
        -0.8103674054145813
      ],
      "bbox_max": [
        5.522979736328125,
        2.3444998264312744,
        -0.002092324662953615
      ],
      "label_distribution": {
        "chair": 12
      },
      "avg_score": 0.5497729182243347
    },
    {
      "obj_id": 11,
      "label": "chair",
      "n_observations": 13,
      "n_points": 50000,
      "centroid": [
        4.791394233703613,
        2.6755270957946777,
        -0.667069137096405
      ],
      "bbox_min": [
        4.580350875854492,
        2.456282377243042,
        -0.8104754686355591
      ],
      "bbox_max": [
        4.849061012268066,
        2.8901896476745605,
        -0.4386599063873291
      ],
      "label_distribution": {
        "chair": 13
      },
      "avg_score": 0.5014395117759705
    },
    {
      "obj_id": 12,
      "label": "chair",
      "n_observations": 8,
      "n_points": 30650,
      "centroid": [
        4.789482116699219,
        1.3757702112197876,
        -0.6600001454353333
      ],
      "bbox_min": [
        4.585509300231934,
        1.093033790588379,
        -0.8104782700538635
      ],
      "bbox_max": [
        5.821101665496826,
        1.5500305891036987,
        -0.0034016796853393316
      ],
      "label_distribution": {
        "chair": 8
      },
      "avg_score": 0.45178839564323425
    },
    {
      "obj_id": 14,
      "label": "chair",
      "n_observations": 1,
      "n_points": 15468,
      "centroid": [
        2.937758684158325,
        2.6867918968200684,
        -0.7654342651367188
      ],
      "bbox_min": [
        2.910200357437134,
        2.458876371383667,
        -0.8078613877296448
      ],
      "bbox_max": [
        2.970573902130127,
        2.8898885250091553,
        -0.6767017245292664
      ],
      "label_distribution": {
        "chair": 1
      },
      "avg_score": 0.3620048463344574
    },
    {
      "obj_id": 15,
      "label": "chair",
      "n_observations": 28,
      "n_points": 50000,
      "centroid": [
        9.462605476379395,
        1.7366870641708374,
        -0.36602240800857544
      ],
      "bbox_min": [
        9.305290222167969,
        0.48195168375968933,
        -0.6321787238121033
      ],
      "bbox_max": [
        10.957489013671875,
        2.062810182571411,
        -0.0018553544068709016
      ],
      "label_distribution": {
        "chair": 28
      },
      "avg_score": 0.3561880588531494
    },
    {
      "obj_id": 16,
      "label": "table",
      "n_observations": 45,
      "n_points": 50000,
      "centroid": [
        11.874848365783691,
        1.6460628509521484,
        -0.5311205387115479
      ],
      "bbox_min": [
        9.356727600097656,
        0.2732759416103363,
        -0.7720937728881836
      ],
      "bbox_max": [
        13.827347755432129,
        2.570436477661133,
        -0.0031711768824607134
      ],
      "label_distribution": {
        "table": 45
      },
      "avg_score": 0.33878564834594727
    },
    {
      "obj_id": 17,
      "label": "table",
      "n_observations": 111,
      "n_points": 50000,
      "centroid": [
        1.1148641109466553,
        1.9785212278366089,
        -0.5531265735626221
      ],
      "bbox_min": [
        -3.568021535873413,
        -2.613147497177124,
        -2.1793463230133057
      ],
      "bbox_max": [
        10.425411224365234,
        4.2222371101379395,
        -0.0011207872303202748
      ],
      "label_distribution": {
        "table": 111
      },
      "avg_score": 0.4132806747346311
    },
    {
      "obj_id": 18,
      "label": "door",
      "n_observations": 73,
      "n_points": 50000,
      "centroid": [
        2.4453468322753906,
        3.846212863922119,
        -1.1588058471679688
      ],
      "bbox_min": [
        -0.26497745513916016,
        1.7424193620681763,
        -2.622744560241699
      ],
      "bbox_max": [
        7.2867231369018555,
        4.22629451751709,
        -0.001982335466891527
      ],
      "label_distribution": {
        "door": 73
      },
      "avg_score": 0.3058169484138489
    }
  ]
}