{
  "summary": {
    "n_nodes": 145,
    "n_edges": 9571,
    "node_types": {
      "building": 1,
      "object": 7,
      "ifc_fixture": 125,
      "room": 5,
      "storey": 2,
      "camera": 5
    },
    "edge_relations": {
      "contains": 163,
      "nearest": 21,
      "aligned_with": 4,
      "same_storey": 9316,
      "near": 6,
      "next_to": 6,
      "fills_opening_in": 8,
      "same_room": 41,
      "connects": 6
    }
  },
  "objects": [
    {
      "obj_id": 4,
      "label": "chair",
      "n_observations": 310,
      "n_points": 50000,
      "centroid": [
        11.639815330505371,
        1.5580759048461914,
        -0.6482042074203491
      ],
      "bbox_min": [
        2.9110171794891357,
        -1.0163265466690063,
        -1.9122989177703857
      ],
      "bbox_max": [
        14.470952987670898,
        4.213166236877441,
        -0.0015387007733806968
      ],
      "label_distribution": {
        "chair": 245,
        "chair sofa": 65
      },
      "avg_score": 0.3690412922251609
    },
    {
      "obj_id": 5,
      "label": "chair",
      "n_observations": 93,
      "n_points": 50000,
      "centroid": [
        3.2550208568573,
        1.9394514560699463,
        -0.26636284589767456
      ],
      "bbox_min": [
        -2.0917372703552246,
        -1.0536202192306519,
        -0.929114818572998
      ],
      "bbox_max": [
        7.643387794494629,
        3.1108155250549316,
        -0.0014156560646370053
      ],
      "label_distribution": {
        "chair": 93
      },
      "avg_score": 0.34682294758417276
    },
    {
      "obj_id": 9,
      "label": "chair",
      "n_observations": 52,
      "n_points": 50000,
      "centroid": [
        4.46176290512085,
        2.245361566543579,
        -0.6592427492141724
      ],
      "bbox_min": [
        2.9194729328155518,
        1.1163970232009888,
        -0.8103674054145813
      ],
      "bbox_max": [
        6.169147968292236,
        2.8905627727508545,
        -0.0017478092340752482
      ],
      "label_distribution": {
        "chair": 52
      },
      "avg_score": 0.5085713336100945
    },
    {
      "obj_id": 14,
      "label": "chair",
      "n_observations": 1,
      "n_points": 15468,
      "centroid": [
        2.937758684158325,
        2.6867918968200684,
        -0.7654342651367188
      ],
      "bbox_min": [
        2.910200357437134,
        2.458876371383667,
        -0.8078613877296448
      ],
      "bbox_max": [
        2.970573902130127,
        2.8898885250091553,
        -0.6767017245292664
      ],
      "label_distribution": {
        "chair": 1
      },
      "avg_score": 0.3620048463344574
    },
    {
      "obj_id": 15,
      "label": "chair",
      "n_observations": 28,
      "n_points": 50000,
      "centroid": [
        9.462641716003418,
        1.7292087078094482,
        -0.36724624037742615
      ],
      "bbox_min": [
        9.306670188903809,
        0.2757384181022644,
        -0.7182260155677795
      ],
      "bbox_max": [
        11.162759780883789,
        2.062797784805298,
        -0.002276457380503416
      ],
      "label_distribution": {
        "chair": 28
      },
      "avg_score": 0.3561880588531494
    },
    {
      "obj_id": 17,
      "label": "table",
      "n_observations": 307,
      "n_points": 50000,
      "centroid": [
        4.988711357116699,
        1.9274084568023682,
        -0.5902009010314941
      ],
      "bbox_min": [
        -3.571978807449341,
        -2.3160319328308105,
        -2.1173739433288574
      ],
      "bbox_max": [
        14.471386909484863,
        4.220498561859131,
        -0.0012269234284758568
      ],
      "label_distribution": {
        "table": 307
      },
      "avg_score": 0.38566531731173737
    },
    {
      "obj_id": 18,
      "label": "door",
      "n_observations": 68,
      "n_points": 50000,
      "centroid": [
        1.833089828491211,
        3.74143123626709,
        -1.1501245498657227
      ],
      "bbox_min": [
        0.8598150610923767,
        3.556223154067993,
        -1.837619423866272
      ],
      "bbox_max": [
        2.817246913909912,
        4.225895404815674,
        -0.001982335466891527
      ],
      "label_distribution": {
        "door": 68
      },
      "avg_score": 0.3058169484138489
    }
  ]
}