{
  "summary": {
    "n_nodes": 146,
    "n_edges": 311,
    "node_types": {
      "building": 1,
      "object": 8,
      "ifc_fixture": 125,
      "room": 5,
      "storey": 2,
      "camera": 5
    },
    "edge_relations": {
      "contains": 164,
      "nearest": 24,
      "near": 9,
      "aligned_with": 14,
      "same_storey": 78,
      "next_to": 8,
      "fills_opening_in": 8,
      "connects": 6
    }
  },
  "objects": [
    {
      "obj_id": 4,
      "label": "chair",
      "n_observations": 333,
      "n_points": 50000,
      "centroid": [
        11.35066032409668,
        1.618970513343811,
        -0.6393391489982605
      ],
      "bbox_min": [
        -3.565031051635742,
        -1.9465233087539673,
        -2.0977816581726074
      ],
      "bbox_max": [
        14.471317291259766,
        4.208509922027588,
        -0.0014244290068745613
      ],
      "label_distribution": {
        "chair": 268,
        "chair sofa": 65
      },
      "avg_score": 0.3657493722868395
    },
    {
      "obj_id": 5,
      "label": "chair",
      "n_observations": 93,
      "n_points": 50000,
      "centroid": [
        3.2397334575653076,
        1.9404009580612183,
        -0.2666988670825958
      ],
      "bbox_min": [
        -2.095235824584961,
        -1.0539360046386719,
        -0.929114818572998
      ],
      "bbox_max": [
        7.624001979827881,
        3.6083667278289795,
        -0.0013507629046216607
      ],
      "label_distribution": {
        "chair": 93
      },
      "avg_score": 0.34682294758417276
    },
    {
      "obj_id": 6,
      "label": "table",
      "n_observations": 81,
      "n_points": 50000,
      "centroid": [
        7.743164539337158,
        1.9849587678909302,
        -0.5581988096237183
      ],
      "bbox_min": [
        2.012708902359009,
        -1.0168410539627075,
        -1.8230221271514893
      ],
      "bbox_max": [
        14.469738960266113,
        3.538874864578247,
        -0.0012592690763995051
      ],
      "label_distribution": {
        "table": 81
      },
      "avg_score": 0.3835075229038427
    },
    {
      "obj_id": 9,
      "label": "chair",
      "n_observations": 51,
      "n_points": 50000,
      "centroid": [
        4.4368462562561035,
        2.240248918533325,
        -0.6554515361785889
      ],
      "bbox_min": [
        2.920330286026001,
        1.1174625158309937,
        -0.8102916479110718
      ],
      "bbox_max": [
        6.044232368469238,
        2.8905584812164307,
        -0.0017478079535067081
      ],
      "label_distribution": {
        "chair": 51
      },
      "avg_score": 0.5087111732539009
    },
    {
      "obj_id": 14,
      "label": "chair",
      "n_observations": 1,
      "n_points": 15468,
      "centroid": [
        2.937758684158325,
        2.6867918968200684,
        -0.7654342651367188
      ],
      "bbox_min": [
        2.910200357437134,
        2.458876371383667,
        -0.8078613877296448
      ],
      "bbox_max": [
        2.970573902130127,
        2.8898885250091553,
        -0.6767017245292664
      ],
      "label_distribution": {
        "chair": 1
      },
      "avg_score": 0.3620048463344574
    },
    {
      "obj_id": 15,
      "label": "chair",
      "n_observations": 28,
      "n_points": 50000,
      "centroid": [
        9.462959289550781,
        1.7313556671142578,
        -0.368585467338562
      ],
      "bbox_min": [
        9.305830001831055,
        0.2757384181022644,
        -0.6455093026161194
      ],
      "bbox_max": [
        11.162759780883789,
        2.06291127204895,
        -0.0019672722555696964
      ],
      "label_distribution": {
        "chair": 28
      },
      "avg_score": 0.3561880588531494
    },
    {
      "obj_id": 17,
      "label": "table",
      "n_observations": 189,
      "n_points": 50000,
      "centroid": [
        2.108980417251587,
        1.9814202785491943,
        -0.5915920734405518
      ],
      "bbox_min": [
        -3.572550058364868,
        -2.6459109783172607,
        -1.7997606992721558
      ],
      "bbox_max": [
        14.471813201904297,
        4.220372676849365,
        -0.0011527258902788162
      ],
      "label_distribution": {
        "table": 189
      },
      "avg_score": 0.3811022076341841
    },
    {
      "obj_id": 18,
      "label": "door",
      "n_observations": 68,
      "n_points": 50000,
      "centroid": [
        1.8320151567459106,
        3.740355968475342,
        -1.1496855020523071
      ],
      "bbox_min": [
        0.84736168384552,
        3.5562405586242676,
        -1.83622145652771
      ],
      "bbox_max": [
        3.216278553009033,
        4.225880146026611,
        -0.0029935939237475395
      ],
      "label_distribution": {
        "door": 68
      },
      "avg_score": 0.3058169484138489
    }
  ]
}